{"cameraMode":{"drawMode":0,"name":"Shaded","section":"Shading Mode"},"sceneLighting":false,"audioPlay":false,"sceneViewState":{"m_AlwaysRefresh":false,"showFog":true,"showSkybox":false,"showFlares":true,"showImageEffects":true,"showParticleSystems":true,"showVisualEffectGraphs":true,"m_FxEnabled":true},"in2DMode":false,"pivot":{"x":0.022606492042541505,"y":0.025086119771003724,"z":-0.005373150110244751},"rotation":{"x":0.36697614192962649,"y":-0.025112440809607507,"z":0.00990673340857029,"w":0.929843008518219},"size":0.600476861000061,"orthographic":true}