{"cameraMode":{"drawMode":0,"name":"Shaded","section":"Shading Mode"},"sceneLighting":false,"audioPlay":false,"sceneViewState":{"m_AlwaysRefresh":false,"showFog":true,"showSkybox":true,"showFlares":true,"showImageEffects":true,"showParticleSystems":true,"showVisualEffectGraphs":true,"m_FxEnabled":true},"in2DMode":false,"pivot":{"x":20.675928115844728,"y":0.9364590644836426,"z":-19.57878303527832},"rotation":{"x":-0.7095938920974731,"y":0.059944067150354388,"z":0.06082327663898468,"w":0.6994437575340271},"size":103.07734680175781,"orthographic":true}