{"cameraMode":{"drawMode":0,"name":"Shaded","section":"Shading Mode"},"sceneLighting":true,"audioPlay":false,"sceneViewState":{"m_AlwaysRefresh":false,"showFog":true,"showSkybox":true,"showFlares":true,"showImageEffects":true,"showParticleSystems":true,"showVisualEffectGraphs":true,"m_FxEnabled":true},"in2DMode":false,"pivot":{"x":62.86000061035156,"y":-17.08333396911621,"z":7.180002212524414},"rotation":{"x":0.14073781669139863,"y":0.13263577222824098,"z":-0.019029468297958375,"w":0.9809401631355286},"size":15.552422523498536,"orthographic":true}