{"cameraMode":{"drawMode":0,"name":"Shaded","section":"Shading Mode"},"sceneLighting":false,"audioPlay":false,"sceneViewState":{"m_AlwaysRefresh":false,"showFog":true,"showSkybox":true,"showFlares":true,"showImageEffects":true,"showParticleSystems":true,"showVisualEffectGraphs":true,"m_FxEnabled":true},"in2DMode":false,"pivot":{"x":-10.943321228027344,"y":-0.010244607925415039,"z":-2.2510690689086916},"rotation":{"x":-0.24609535932540894,"y":0.4227542281150818,"z":-0.12038632482290268,"w":-0.8638836145401001},"size":4.349342346191406,"orthographic":true}