{"cameraMode":{"drawMode":0,"name":"Shaded","section":"Shading Mode"},"sceneLighting":false,"audioPlay":false,"sceneViewState":{"m_AlwaysRefresh":false,"showFog":true,"showSkybox":true,"showFlares":true,"showImageEffects":true,"showParticleSystems":true,"showVisualEffectGraphs":true,"m_FxEnabled":true},"in2DMode":false,"pivot":{"x":10.308212280273438,"y":-14.365753173828125,"z":-13.157780647277832},"rotation":{"x":0.6434385776519775,"y":0.12339824438095093,"z":-0.10614977777004242,"w":0.7479919791221619},"size":88.74397277832031,"orthographic":false}