{"cameraMode":{"drawMode":0,"name":"Shaded","section":"Shading Mode"},"sceneLighting":false,"audioPlay":false,"sceneViewState":{"m_AlwaysRefresh":false,"showFog":true,"showSkybox":true,"showFlares":true,"showImageEffects":true,"showParticleSystems":true,"showVisualEffectGraphs":true,"m_FxEnabled":true},"in2DMode":false,"pivot":{"x":46.69021224975586,"y":2.1567492485046388,"z":-22.890880584716798},"rotation":{"x":0.0062704309821128849,"y":0.9120017290115356,"z":-0.40990111231803896,"w":0.013951428234577179},"size":10.074532508850098,"orthographic":true}